Activity Type,Date,Favorite,Title,Distance,Calories,Time,Avg HR,Max HR,Aerobic TE,Avg Speed,Max Speed,Total Descent,Training Stress Score®,Steps,Body Battery Drain,Max Depth,Dive Time,Min Water Temperature,Gas Type,Surface Interval,Decompression,Water Type,Best Lap Time,Number of Laps,Max Temp,Moving Time,Elapsed Time,Min Elevation,Max Elevation
Single-Gas Dive,2026-09-13 14:38:19,false,"Single-Gas Dive","0.00","31","00:14:31","80","114","--","--","--","--","0.0","--","--","43","13:30","87.8","Air","2:06","No","Salt","00:14:31","1","89.6","00:00:00","00:14:31","'-1,640","'-1,640"
Single-Gas Dive,2026-09-13 14:36:03,false,"Single-Gas Dive","0.00","4","00:01:09.6","92","112","--","--","--","--","0.0","28","--","4","0:09","87.8","Air","27:13","No","Salt","00:01:09.6","1","89.6","00:00:00","00:01:09.6","'-1,640","'-1,640"
Single-Gas Dive,2026-09-13 13:28:07,false,"Single-Gas Dive","0.00","134","00:41:41","97","134","--","--","--","--","0.0","16","'-2","62","40:40","87.8","Air","45:29:31","No","Salt","00:41:41","1","91.4","00:00:00","00:41:41","'-991","'-991"
Single-Gas Dive,2026-09-11 15:27:26,false,"Single-Gas Dive","0.00","103","00:32:10","96","130","--","--","--","--","0.0","26","'-1","42","31:09","87.8","Air","32:15","No","Salt","00:32:10","1","89.6","00:00:00","00:32:10","'-639","'-639"
Single-Gas Dive,2026-09-11 14:18:08,false,"Single-Gas Dive","0.00","113","00:38:02","93","138","0.3","0.0","1.5","--","0.0","--","'-2","26","37:01","87.8","Air","119:22:38","No","Salt","00:38:02","1","89.6","00:00:00","00:38:02","1,246","1,246"
Single-Gas Dive,2026-09-06 14:53:08,false,"Single-Gas Dive","0.01","18","00:03:20.8","115","130","--","0.1","4.8","--","0.0","12","--","35","2:20","87.8","EANx","42:26","No","Salt","00:03:20.8","1","87.8","00:00:00","00:03:20.8","'-1,640","'-1,640"
Single-Gas Dive,2026-09-06 14:06:54,false,"Single-Gas Dive","0.01","35","00:04:48.5","131","155","--","0.1","1.6","1,926","0.0","72","'-1","14","3:48","87.8","EANx","1:16","No","Salt","00:04:48.5","1","87.8","00:00:00","00:04:48.5","'-1,640","'-1,640"
Single-Gas Dive,2026-09-06 14:03:02,false,"Single-Gas Dive","0.00","29","00:03:34.9","140","170","--","--","--","--","0.0","62","--","35","2:34","87.8","EANx","8:23","No","Salt","00:03:34.9","1","87.8","00:00:00","00:03:34.9","--","--"
Single-Gas Dive,2026-09-06 13:51:44,false,"Single-Gas Dive","0.00","18","00:03:54.6","107","128","--","--","--","--","0.0","--","--","35","2:54","87.8","EANx","9:40","No","Salt","00:03:54.6","1","89.6","00:00:00","00:03:54.6","'-1,640","'-1,640"
Single-Gas Dive,2026-09-06 13:41:04,false,"Single-Gas Dive","0.00","7","00:01:59.6","94","107","--","--","--","--","0.0","32","--","33","0:59","89.6","EANx","140:58:38","No","Salt","00:01:59.6","1","96.8","00:00:00","00:01:59.6","--","--"
Single-Gas Dive,2026-08-31 16:36:06,false,"Single-Gas Dive","0.01","30","00:07:19.6","103","132","--","0.1","1.8","--","0.0","6","--","20","6:19","87.8","EANx","2:02","No","Salt","00:07:19.6","1","87.8","00:00:00","00:07:19.6","'-1,640","'-1,640"
Single-Gas Dive,2026-08-31 15:57:16,false,"Single-Gas Dive","0.00","125","00:37:47","98","128","--","--","--","--","0.0","70","'-2","28","36:46","87.8","EANx","49:42","No","Salt","00:37:47","1","89.6","00:00:00","00:37:47","'-1,640","'-1,640"
Single-Gas Dive,2026-08-31 14:38:03,false,"Single-Gas Dive","0.00","119","00:30:32","104","147","--","--","--","--","0.0","98","'-3","43","29:32","87.8","EANx","23:23:30","No","Salt","00:30:32","1","96.8","00:00:00","00:30:32","--","--"
Single-Gas Dive,2026-08-30 14:33:07,false,"Single-Gas Dive","0.01","149","00:42:25","101","149","--","0.0","1.6","--","0.0","32","'-1","43","41:24","86.0","EANx","30:08","No","Salt","00:42:25","1","89.6","00:00:00","00:42:25","'-1,640","'-1,640"
Single-Gas Dive,2026-08-30 13:26:39,false,"Single-Gas Dive","0.00","101","00:37:20","89","132","--","--","--","--","0.0","20","'-1","61","36:19","86.0","EANx","213:10:02","No","Salt","00:37:20","1","89.6","00:00:00","00:37:20","'-1,640","'-1,640"
Single-Gas Dive,2026-08-21 16:16:28,false,"Single-Gas Dive","0.00","4","00:01:09.6","97","104","--","--","--","--","0.0","--","--","6","0:09","91.4","EANx","12:31","No","Salt","00:01:09.6","1","91.4","00:00:00","00:01:09.6","--","--"
Single-Gas Dive,2026-08-21 15:49:40,false,"Single-Gas Dive","0.00","34","00:15:17","81","114","--","--","--","--","0.0","20","--","8","14:16","91.4","EANx","4:42","No","Salt","00:15:17","1","91.4","00:00:00","00:15:17","--","--"
Single-Gas Dive,2026-08-21 15:41:02,false,"Single-Gas Dive","0.00","12","00:04:55.6","85","100","--","--","--","--","0.0","--","--","7","3:55","91.4","EANx","7:28","No","Salt","00:04:55.6","1","91.4","00:00:00","00:04:55.6","--","--"
Single-Gas Dive,2026-08-21 15:32:34,false,"Single-Gas Dive","0.00","6","00:01:59.6","90","102","--","0.1","5.3","--","0.0","--","--","7","0:59","91.4","EANx","1:19","No","Salt","00:01:59.6","1","91.4","00:00:00","00:01:59.6","--","--"
Single-Gas Dive,2026-08-21 15:26:49,false,"Single-Gas Dive","0.00","17","00:05:25.6","91","128","--","0.0","1.0","--","0.0","16","--","6","4:25","91.4","EANx","10:26","No","Salt","00:05:25.6","1","91.4","00:00:00","00:05:25.6","--","--"
Single-Gas Dive,2026-08-21 15:09:28,false,"Single-Gas Dive","0.00","21","00:07:54.4","86","124","--","--","0.9","--","0.0","--","--","7","6:53","91.4","EANx","17:24","No","Salt","00:07:54.4","1","91.4","00:00:00","00:07:54.4","'-8","--"
Single-Gas Dive,2026-08-21 14:51:29,false,"Single-Gas Dive","0.00","9","00:01:34.6","113","139","--","--","--","--","0.0","--","--","8","0:34","91.4","EANx","6:23","No","Salt","00:01:34.6","1","91.4","00:00:00","00:01:34.6","--","--"
Single-Gas Dive,2026-08-21 14:39:26,false,"Single-Gas Dive","0.00","15","00:06:39.1","82","94","--","--","--","--","0.0","6","--","7","5:38","91.4","EANx","1:12","No","Salt","00:06:39.1","1","91.4","00:00:00","00:06:39.1","--","--"
Single-Gas Dive,2026-08-21 14:34:29,false,"Single-Gas Dive","0.00","16","00:04:44.5","94","138","--","--","--","--","0.0","6","--","7","3:44","91.4","EANx","1:04","No","Salt","00:04:44.5","1","91.4","00:00:00","00:04:44.5","--","--"
Single-Gas Dive,2026-08-21 14:29:45,false,"Single-Gas Dive","0.00","9","00:04:39.6","78","105","--","--","--","--","0.0","10","--","5","3:40","89.6","EANx","137:07:43","No","Salt","00:04:39.6","1","91.4","00:00:00","00:04:39.6","--","--"
Single-Gas Dive,2026-08-15 20:36:52,false,"Single-Gas Dive","0.00","100","00:46:10","81","114","--","--","--","--","0.0","--","'-1","29","45:10","89.6","EANx","33:55","No","Salt","00:46:10","1","89.6","00:00:00","00:46:10","--","--"
Single-Gas Dive,2026-08-15 19:21:32,false,"Single-Gas Dive","0.00","105","00:42:25","86","130","--","--","--","--","0.0","18","'-1","43","41:24","87.8","EANx","2:23:40","No","Salt","00:42:25","1","89.6","00:00:00","00:42:25","--","--"
Single-Gas Dive,2026-08-15 16:17:37,false,"Single-Gas Dive","0.00","97","00:41:15","85","123","--","--","--","--","0.0","4","'-1","42","40:14","87.8","EANx","35:14","No","Salt","00:41:15","1","89.6","00:00:00","00:41:15","--","--"
Single-Gas Dive,2026-08-15 15:01:58,false,"Single-Gas Dive","0.00","103","00:41:25","85","122","--","--","--","--","0.0","178","'-1","29","40:24","87.8","EANx","91:53:53","No","Salt","00:41:25","1","89.6","00:00:00","00:41:25","--","--"
Single-Gas Dive,2026-08-11 19:07:55,false,"Single-Gas Dive","0.00","5","00:01:09.6","105","115","--","--","--","--","0.0","--","--","4","0:09","89.6","EANx","7:30:43","No","Salt","00:01:09.6","1","91.4","00:00:00","00:01:09.6","--","--"
Single-Gas Dive,2026-08-11 11:31:57,false,"Palm Beach Single-Gas Dive","0.00","25","00:06:15.0","102","120","--","--","--","--","0.0","--","--","9","5:14","89.6","EANx","5:22","No","Salt","00:06:15.0","1","91.4","00:00:00","00:06:15.0","--","--"
Single-Gas Dive,2026-08-11 11:03:37,false,"Single-Gas Dive","0.00","11","00:05:09.7","82","101","--","--","--","--","0.0","26","--","10","4:09","89.6","EANx","1:56","No","Salt","00:05:09.7","1","89.6","00:00:00","00:05:09.7","--","--"
Single-Gas Dive,2026-08-11 11:00:16,false,"Lake Worth Single-Gas Dive","0.00","8","00:02:24.6","95","108","--","--","--","--","0.0","12","--","10","1:24","89.6","EANx","7:03","No","Salt","00:02:24.6","1","91.4","00:00:00","00:02:24.6","--","--"
Single-Gas Dive,2026-08-11 10:46:53,false,"Single-Gas Dive","0.00","23","00:07:19.6","93","112","--","--","--","--","0.0","--","--","10","6:19","89.6","EANx","6:41","No","Salt","00:07:19.6","1","89.6","00:00:00","00:07:19.6","--","--"
Single-Gas Dive,2026-08-11 10:34:17,false,"Single-Gas Dive","0.00","19","00:06:54.5","88","108","--","--","--","--","0.0","--","--","9","5:54","89.6","EANx","5:02","No","Salt","00:06:54.5","1","89.6","00:00:00","00:06:54.5","--","--"
Single-Gas Dive,2026-08-11 10:23:15,false,"Single-Gas Dive","0.00","27","00:06:59.7","101","112","--","--","--","--","0.0","10","'-1","9","5:59","89.6","EANx","7:11","No","Salt","00:06:59.7","1","89.6","00:00:00","00:06:59.7","--","--"
Single-Gas Dive,2026-08-11 10:08:59,false,"Single-Gas Dive","0.00","26","00:08:04.7","94","107","--","0.0","0.8","--","0.0","12","--","8","7:04","89.6","EANx","5:37","No","Salt","00:08:04.7","1","89.6","00:00:00","00:08:04.7","--","--"
Single-Gas Dive,2026-08-11 09:56:05,false,"Single-Gas Dive","0.00","30","00:08:16.7","98","109","--","--","--","--","0.0","--","--","6","7:16","89.6","EANx","5:03","No","Salt","00:08:16.7","1","89.6","00:00:00","00:08:16.7","--","--"
Single-Gas Dive,2026-08-11 09:47:51,false,"Single-Gas Dive","0.00","21","00:04:10.6","111","124","--","--","--","--","0.0","--","--","6","3:10","89.6","EANx","3:03","No","Salt","00:04:10.6","1","89.6","00:00:00","00:04:10.6","--","--"
Single-Gas Dive,2026-08-11 09:43:25,false,"Single-Gas Dive","0.00","11","00:02:22.7","105","121","--","--","--","--","0.0","24","--","4","1:23","89.6","EANx","7:50","No","Salt","00:02:22.7","1","89.6","00:00:00","00:02:22.7","--","--"
Single-Gas Dive,2026-08-11 09:28:54,false,"Lake Worth Single-Gas Dive","0.00","23","00:07:41.7","91","116","--","0.0","1.5","--","0.0","6","--","6","6:41","89.6","EANx","14:29:29","No","Salt","00:07:41.7","1","91.4","00:00:00","00:07:41.7","--","--"
Single-Gas Dive,2026-08-10 18:58:12,false,"Single-Gas Dive","0.00","12","00:02:11.6","115","126","--","--","--","--","0.0","16","--","5","1:11","91.4","EANx (+1)","50:28:05","No","Salt","00:02:11.6","1","93.2","00:00:00","00:02:11.6","--","--"
Single-Gas Dive,2026-08-08 15:46:47,false,"Single-Gas Dive","0.01","135","00:44:19","95","124","--","0.0","3.0","--","0.0","20","'-1","44","43:19","86.0","EANx (+1)","30:02","No","Salt","00:44:19","1","87.8","00:00:00","00:44:19","--","--"
Single-Gas Dive,2026-08-08 14:38:30,false,"Single-Gas Dive","0.00","142","00:39:15","103","129","--","--","--","--","0.0","36","'-1","30","38:14","86.0","EANx (+1)","70:05:48","No","Salt","00:39:15","1","87.8","00:00:00","00:39:15","--","--"
Single-Gas Dive,2026-08-05 16:00:22,false,"Single-Gas Dive","0.00","93","00:33:20","91","123","--","--","--","--","0.0","20","'-1","44","32:19","86.0","Air","35:19","No","Salt","00:33:20","1","86.0","00:00:00","00:33:20","--","--"
Single-Gas Dive,2026-08-05 15:18:13,false,"Single-Gas Dive","0.01","21","00:07:49.6","87","98","--","0.0","1.7","--","0.0","30","'-1","25","6:49","87.8","Air","3:45","No","Salt","00:07:49.6","1","87.8","00:00:00","00:07:49.6","--","--"
Single-Gas Dive,2026-08-05 14:46:18,false,"Single-Gas Dive","0.00","86","00:29:10","93","116","--","--","--","--","0.0","16","'-1","29","28:09","87.8","Air","25:09:38","No","Salt","00:29:10","1","87.8","00:00:00","00:29:10","--","--"
Single-Gas Dive,2026-08-04 13:35:35,false,"Single-Gas Dive","0.00","8","00:02:04.6","99","110","--","--","--","--","0.0","--","--","14","1:04","87.8","EANx","2:12","No","Salt","00:02:04.6","1","87.8","00:00:00","00:02:04.6","--","--"
Single-Gas Dive,2026-08-04 13:07:43,false,"Single-Gas Dive","0.00","58","00:26:40","81","106","--","--","--","--","0.0","--","--","25","25:39","86.0","EANx","53:54","No","Salt","00:26:40","1","87.8","00:00:00","00:26:40","--","--"
Single-Gas Dive,2026-08-04 11:38:54,false,"Single-Gas Dive","0.01","88","00:35:55","87","117","--","0.0","2.1","--","0.0","18","'-1","28","34:55","87.8","EANx","1:57:35","No","Salt","00:35:55","1","87.8","00:00:00","00:35:55","'-1,640","'-1,640"
Single-Gas Dive,2026-08-04 09:33:12,false,"Single-Gas Dive","0.00","32","00:09:07.8","96","110","--","--","--","--","0.0","20","--","7","8:08","87.8","EANx","42:09:18","No","Salt","00:09:07.8","1","87.8","00:00:00","00:09:07.8","'-1,640","'-1,640"
Single-Gas Dive,2026-08-02 14:41:42,false,"Single-Gas Dive","0.01","131","00:43:10","94","132","--","0.0","1.7","--","0.0","--","'-2","44","42:09","86.0","EANx","27:59","No","Salt","00:43:10","1","87.8","00:00:00","00:43:10","--","--"
Single-Gas Dive,2026-08-02 13:36:18,false,"Single-Gas Dive","0.00","116","00:38:25","93","119","--","--","--","--","0.0","18","'-2","62","37:24","86.0","EANx","26:06:23","No","Salt","00:38:25","1","86.0","00:00:00","00:38:25","'-1,640","'-1,640"
Single-Gas Dive,2026-08-01 10:56:30,false,"Single-Gas Dive","0.01","126","00:34:25","102","135","--","0.0","6.9","--","0.0","6","'-2","74","33:25","84.2","EANx","45:00","No","Salt","00:34:25","1","87.8","00:00:00","00:34:25","'-1,640","'-1,640"
Single-Gas Dive,2026-08-01 09:44:00,false,"Single-Gas Dive","0.00","95","00:28:30","97","122","--","--","--","--","0.0","42","'-1","102","27:30","82.4","EANx","72:35:04","No","Salt","00:28:30","1","86.0","00:00:00","00:28:30","'-969","'-969"
Single-Gas Dive,2026-07-29 09:08:27,false,"Single-Gas Dive","0.00","8","00:01:29.6","112","120","0.1","--","--","--","0.0","--","--","6","0:29","87.8","EANx","187:42:48","No","Salt","00:01:29.6","1","87.8","00:00:00","00:01:29.6","'-1,640","'-1,640"
Single-Gas Dive,2026-07-21 13:16:44,false,"Single-Gas Dive","0.00","20","00:09:54.7","79","111","--","--","--","--","0.0","--","--","26","8:54","86.0","EANx","1:10","No","Salt","00:09:54.7","1","86.0","00:00:00","00:09:54.7","'-1,640","'-1,640"
Single-Gas Dive,2026-07-21 12:43:19,false,"Single-Gas Dive","0.00","60","00:33:15","77","105","--","--","--","--","0.0","6","'-1","31","32:14","86.0","EANx","37:14","No","Salt","00:33:15","1","87.8","00:00:00","00:33:15","'-531","'-531"
Single-Gas Dive,2026-07-21 11:29:57,false,"Single-Gas Dive","0.01","103","00:37:08","91","123","--","0.0","1.4","--","0.0","44","'-1","24","36:07","86.0","EANx","2:19:54","No","Salt","00:37:08","1","87.8","00:00:00","00:37:08","'-1,640","'-1,640"
Single-Gas Dive,2026-07-19 13:35:54,false,"Single-Gas Dive","0.00","100","00:34:55","92","129","--","--","--","--","0.0","64","'-1","74","33:54","86.0","EANx","54:04","No","Salt","00:34:55","1","91.4","00:00:00","00:34:55","--","--"
Single-Gas Dive,2026-07-19 12:10:29,false,"Single-Gas Dive","0.00","136","00:32:20","110","139","--","--","--","--","0.0","116","'-1","91","31:19","86.0","EANx","59:26","No","Salt","00:32:20","1","91.4","00:00:00","00:32:20","--","--"
Single-Gas Dive,2026-07-19 10:47:32,false,"Single-Gas Dive","0.00","112","00:24:30","113","155","--","--","--","--","0.0","32","'-2","93","23:29","86.0","EANx","18:24:17","No","Salt","00:24:30","1","93.2","00:00:00","00:24:30","--","--"
Single-Gas Dive,2026-07-18 16:20:55,false,"Single-Gas Dive","0.00","23","00:03:19.8","128","141","--","--","--","--","0.0","16","--","57","2:19","87.8","EANx","33:59","No","Salt","00:03:19.8","1","89.6","00:00:00","00:03:19.8","'-1,369","'-1,369"
Single-Gas Dive,2026-07-18 15:42:41,false,"Single-Gas Dive","0.00","39","00:05:13.7","134","172","--","--","--","--","0.0","14","'-1","57","4:13","87.8","EANx","23:43","No","Salt","00:05:13.7","1","91.4","00:00:00","00:05:13.7","--","--"
Single-Gas Dive,2026-07-18 15:16:02,false,"Single-Gas Dive","0.00","31","00:03:55.0","138","155","--","--","--","--","0.0","10","'-1","59","2:54","87.8","EANx","55:35","No","Salt","00:03:55.0","1","89.6","00:00:00","00:03:55.0","'-1,640","'-1,640"
Single-Gas Dive,2026-07-18 14:15:00,false,"Single-Gas Dive","0.01","50","00:06:26.7","136","163","--","0.1","1.8","--","0.0","56","--","65","5:26","86.0","EANx","21:52:09","No","Salt","00:06:26.7","1","91.4","00:00:00","00:06:26.7","--","--"
Single-Gas Dive,2026-07-17 15:45:50,false,"Single-Gas Dive","0.00","92","00:38:00","86","112","--","0.0","2.4","--","0.0","54","'-1","43","37:00","86.0","Air","24:36","No","Salt","00:38:00","1","86.0","00:00:00","00:38:00","--","--"
Single-Gas Dive,2026-07-17 14:39:43,false,"Single-Gas Dive","0.00","119","00:42:30","91","138","--","--","--","--","0.0","6","'-2","26","41:30","86.0","Air","24:48:56","No","Salt","00:42:30","1","87.8","00:00:00","00:42:30","'-1,640","'-1,640"
Single-Gas Dive,2026-07-16 13:50:37,false,"Single-Gas Dive","0.00","5","00:01:09.7","106","116","--","--","--","--","0.0","--","--","3","0:09","87.8","EANx","13:32","No","Salt","00:01:09.7","1","87.8","00:00:00","00:01:09.7","'-1,640","'-1,640"
Single-Gas Dive,2026-07-16 13:00:05,false,"Single-Gas Dive","0.00","62","00:38:00","76","105","--","--","--","--","0.0","32","'-2","29","36:59","86.0","EANx","30:30","No","Salt","00:38:00","1","87.8","00:00:00","00:38:00","'-1,188","'-1,188"
Single-Gas Dive,2026-07-16 11:46:33,false,"Single-Gas Dive","0.00","89","00:44:03","83","112","--","--","--","--","0.0","58","'-2","33","43:02","86.0","EANx","45:14:50","No","Salt","00:44:03","1","87.8","00:00:00","00:44:03","'-1,640","'-1,640"
Single-Gas Dive,2026-07-14 13:56:22,false,"Single-Gas Dive","0.00","111","00:36:20","95","114","--","--","--","--","0.0","20","--","24","35:19","87.8","Air","1:31:58","No","Salt","00:36:20","1","89.6","00:00:00","00:36:20","'-1,640","'-1,640"
Single-Gas Dive,2026-07-14 12:22:50,false,"Single-Gas Dive","0.00","10","00:02:33.6","100","108","--","--","--","--","0.0","--","--","11","1:33","87.8","Air","2:48:26","No","Salt","00:02:33.6","1","87.8","00:00:00","00:02:33.6","'-1,640","'-1,640"
Single-Gas Dive,2026-07-14 09:28:12,false,"Single-Gas Dive","0.00","21","00:07:11.6","91","104","--","--","--","--","0.0","--","--","6","6:11","89.6","EANx","17:15:15","No","Salt","00:07:11.6","1","89.6","00:00:00","00:07:11.6","'-1,640","'-1,640"
Single-Gas Dive,2026-07-13 15:39:37,false,"Single-Gas Dive","0.00","79","00:34:20","85","122","--","--","--","--","0.0","20","'-1","42","33:19","87.8","EANx","29:54","No","Salt","00:34:20","1","89.6","00:00:00","00:34:20","'-1,640","'-1,640"
Single-Gas Dive,2026-07-13 15:08:33,false,"Single-Gas Dive","0.00","9","00:02:09.6","100","110","--","--","--","--","0.0","--","--","22","1:09","87.8","EANx","4:58","No","Salt","00:02:09.6","1","89.6","00:00:00","00:02:09.6","'-1,640","'-1,640"
Single-Gas Dive,2026-07-13 14:29:17,false,"Single-Gas Dive","0.00","106","00:35:18","94","126","--","--","--","--","0.0","88","'-1","23","34:17","87.8","EANx","2:52:35","No","Salt","00:35:18","1","89.6","00:00:00","00:35:18","'-1,640","'-1,640"
Single-Gas Dive,2026-07-13 11:36:32,false,"Single-Gas Dive","0.00","3","00:01:09.7","85","94","--","--","--","--","0.0","--","--","7","0:09","89.6","Air","3:41","No","Salt","00:01:09.7","1","89.6","00:00:00","00:01:09.7","'-1,640","'-1,640"
Single-Gas Dive,2026-07-13 11:21:09,false,"Single-Gas Dive","0.00","27","00:12:42","82","99","--","--","--","--","0.0","26","'-1","8","11:41","89.6","Air","7:07","No","Salt","00:12:42","1","89.6","00:00:00","00:12:42","'-1,640","'-1,640"
Single-Gas Dive,2026-07-13 11:12:27,false,"Single-Gas Dive","0.00","5","00:02:34.7","79","90","--","--","--","--","0.0","10","'-1","6","1:34","89.6","Air","2:03","No","Salt","00:02:34.7","1","89.6","00:00:00","00:02:34.7","'-1,640","'-1,640"
Single-Gas Dive,2026-07-13 11:09:54,false,"Single-Gas Dive","0.00","4","00:01:29.6","87","97","--","--","--","--","0.0","--","--","6","0:29","89.6","Air","1:34","No","Salt","00:01:29.6","1","89.6","00:00:00","00:01:29.6","'-711","'-711"
Single-Gas Dive,2026-07-13 11:05:48,false,"Single-Gas Dive","0.00","9","00:03:31.5","84","107","--","--","--","--","0.0","--","--","6","2:31","89.6","Air","13:52","No","Salt","00:03:31.5","1","89.6","00:00:00","00:03:31.5","'-1,640","'-1,640"
Single-Gas Dive,2026-07-13 10:46:46,false,"Single-Gas Dive","0.00","16","00:06:09.8","86","107","--","--","--","--","0.0","--","--","7","5:09","89.6","Air","5:11","No","Salt","00:06:09.8","1","89.6","00:00:00","00:06:09.8","'-1,640","'-1,640"
Single-Gas Dive,2026-07-13 10:38:20,false,"Single-Gas Dive","0.00","11","00:04:14.6","86","102","--","--","--","--","0.0","6","--","8","3:14","89.6","Air","20:41","No","Salt","00:04:14.6","1","89.6","00:00:00","00:04:14.6","'-1,640","'-1,640"
Single-Gas Dive,2026-07-13 10:17:29,false,"Single-Gas Dive","0.00","4","00:01:09.6","97","110","--","--","--","--","0.0","--","'-1","7","0:09","89.6","Air","3:24","No","Salt","00:01:09.6","1","89.6","00:00:00","00:01:09.6","'-1,640","'-1,640"
Single-Gas Dive,2026-07-13 10:11:00,false,"Single-Gas Dive","0.00","13","00:04:04.7","93","102","--","--","--","--","0.0","--","--","7","3:04","89.6","Air","2:45","No","Salt","00:04:04.7","1","89.6","00:00:00","00:04:04.7","'-1,640","'-1,640"
Single-Gas Dive,2026-07-13 10:07:20,false,"Single-Gas Dive","0.00","6","00:01:54.6","91","100","--","--","--","--","0.0","--","--","8","0:54","89.6","Air","42:11:52","No","Salt","00:01:54.6","1","89.6","00:00:00","00:01:54.6","'-1,640","'-1,640"
Single-Gas Dive,2026-07-11 15:28:27,false,"Single-Gas Dive","0.00","84","00:28:01","93","114","--","--","--","--","0.0","8","'-1","22","27:00","86.0","EANx","52:35","No","Salt","00:28:01","1","87.8","00:00:00","00:28:01","'-1,640","'-1,640"
Single-Gas Dive,2026-07-11 14:18:17,false,"Single-Gas Dive","0.00","72","00:18:35","103","125","--","--","--","--","0.0","74","--","27","17:34","87.8","EANx","2:13:17","No","Salt","00:18:35","1","89.6","00:00:00","00:18:35","'-1,640","'-1,640"
Single-Gas Dive,2026-07-11 12:02:02,false,"Single-Gas Dive","0.00","13","00:03:57.6","92","108","--","--","--","--","0.0","--","--","6","2:58","89.6","Air","140:22:53","No","Salt","00:03:57.6","1","89.6","00:00:00","00:03:57.6","'-1,640","'-1,640"
Single-Gas Dive,2026-07-05 14:54:29,false,"Single-Gas Dive","0.00","147","00:45:40","97","135","--","0.0","2.5","--","0.0","38","--","44","44:40","87.8","EANx","33:12","No","Salt","00:45:40","1","89.6","00:00:00","00:45:40","'-1,640","'-1,640"
Single-Gas Dive,2026-07-05 13:45:31,false,"Single-Gas Dive","0.00","116","00:36:45","95","133","--","--","--","--","0.0","38","--","73","35:44","86.0","EANx","2:11:28","No","Salt","00:36:45","1","91.4","00:00:00","00:36:45","'-1,640","'-1,640"
Single-Gas Dive,2026-07-05 10:52:08,false,"Single-Gas Dive","0.01","88","00:42:55","81","115","--","0.0","1.9","--","0.0","--","'-1","32","41:54","87.8","Air","27:29","No","Salt","00:42:55","1","87.8","00:00:00","00:42:55","'-764","'-764"
Single-Gas Dive,2026-07-05 09:41:50,false,"Single-Gas Dive","0.01","102","00:43:50","85","114","--","0.0","1.3","--","0.0","20","'-2","32","42:49","87.8","Air","13:22:21","No","Salt","00:43:50","1","87.8","00:00:00","00:43:50","--","--"
Single-Gas Dive,2026-07-04 19:31:08,false,"Single-Gas Dive","0.01","136","00:49:20","91","124","--","0.0","1.4","--","0.0","22","'-2","28","48:20","87.8","EANx","6:53:32","No","Salt","00:49:20","1","89.6","00:00:00","00:49:20","'-1,236","'-1,236"
Single-Gas Dive,2026-07-04 11:54:11,false,"Single-Gas Dive","0.00","104","00:44:25","85","149","--","0.0","1.5","--","0.0","32","'-1","24","43:25","87.8","EANx","2:14","No","Salt","00:44:25","1","89.6","00:00:00","00:44:25","'-25","'-25"
Single-Gas Dive,2026-07-04 11:51:46,false,"Single-Gas Dive","0.00","7","00:01:09.7","119","126","--","--","--","--","0.0","10","--","4","0:09","89.6","EANx","36:30","No","Salt","00:01:09.7","1","91.4","00:00:00","00:01:09.7","--","--"
Single-Gas Dive,2026-07-04 10:25:52,false,"Single-Gas Dive","0.00","123","00:50:24","86","121","--","--","--","--","0.0","14","'-1","39","49:24","87.8","EANx","17:34:08","No","Salt","00:50:24","1","89.6","00:00:00","00:50:24","'-1,640","'-1,640"
Single-Gas Dive,2026-07-03 16:08:14,false,"Single-Gas Dive","0.00","124","00:44:30","91","124","--","--","--","--","0.0","26","'-2","61","43:29","86.0","EANx","45:49","No","Salt","00:44:30","1","89.6","00:00:00","00:44:30","'-1,640","'-1,640"
Single-Gas Dive,2026-07-03 14:48:35,false,"Single-Gas Dive","0.00","120","00:34:50","100","122","--","--","--","--","0.0","10","'-1","83","33:49","84.2","EANx (+1)","435:37:26","No","Salt","00:34:50","1","89.6","00:00:00","00:34:50","--","--"
Single-Gas Dive,2026-06-15 11:08:43,false,"Single-Gas Dive","0.00","11","00:03:24.6","93","117","0.0","--","--","--","0.0","18","'-1","12","2:24","84.2","EANx","383:06:03","No","Salt","00:03:24.6","1","84.2","00:00:00","00:03:24.6","'-1,396","'-1,396"
Single-Gas Dive,2026-05-30 11:14:00,false,"Single-Gas Dive","0.01","100","00:49:40","81","119","--","0.0","2.2","--","0.0","10","'-2","50","48:39","82.4","EANx","32:06","No","Salt","00:49:40","1","86.0","00:00:00","00:49:40","'-1,640","'-1,640"
Single-Gas Dive,2026-05-30 10:09:39,false,"Single-Gas Dive","0.00","81","00:33:15","85","137","--","0.0","4.8","--","0.0","18","'-1","104","32:14","82.4","EANx","17:29:36","No","Salt","00:33:15","1","86.0","00:00:00","00:33:15","'-1,640","'-1,640"
Single-Gas Dive,2026-05-29 15:57:48,false,"Single-Gas Dive","0.01","83","00:43:15","78","137","--","0.0","2.2","--","0.0","38","'-2","43","42:14","82.4","EANx","35:03","No","Salt","00:43:15","1","86.0","00:00:00","00:43:15","'-1,640","'-1,640"
Single-Gas Dive,2026-05-29 14:33:22,false,"Single-Gas Dive","0.01","88","00:50:23","78","125","0.1","0.0","2.3","--","0.0","12","'-2","29","49:22","82.4","EANx","114:53:14","No","Salt","00:50:23","1","86.0","00:00:00","00:50:23","'-1,513","'-1,513"
Single-Gas Dive,2026-05-24 19:39:58,false,"Single-Gas Dive","0.00","6","00:01:09.5","112","121","--","--","--","--","0.0","--","--","4","0:09","89.6","Air","1:05:14","No","Salt","00:01:09.5","1","89.6","00:00:00","00:01:09.5","'-1,640","'-1,640"
Single-Gas Dive,2026-05-24 18:34:34,false,"Single-Gas Dive","0.00","5","00:01:09.7","105","112","--","--","--","--","0.0","--","--","4","0:09","91.4","Air","4:30","No","Salt","00:01:09.7","1","91.4","00:00:00","00:01:09.7","'-1,640","'-1,640"
Single-Gas Dive,2026-05-24 18:29:38,false,"Single-Gas Dive","0.00","6","00:01:24.7","104","113","--","--","--","--","0.0","--","--","5","0:24","91.4","Air","1:52","No","Salt","00:01:24.7","1","91.4","00:00:00","00:01:24.7","'-1,640","'-1,640"
Single-Gas Dive,2026-05-24 18:25:54,false,"Single-Gas Dive","0.00","14","00:02:50.7","110","118","0.1","--","--","--","0.0","--","'-1","5","1:50","89.6","Air","196:40:49","No","Salt","00:02:50.7","1","91.4","00:00:00","00:02:50.7","'-1,640","'-1,640"
Single-Gas Dive,2026-05-16 10:57:49,false,"Single-Gas Dive","0.00","82","00:48:15","77","115","--","--","--","--","0.0","22","'-2","77","47:15","84.2","Air","53:43","No","Salt","00:48:15","1","84.2","00:00:00","00:48:15","'-1,640","'-1,640"
Single-Gas Dive,2026-05-16 09:13:26,false,"Single-Gas Dive","0.01","114","00:51:40","84","135","--","0.0","3.4","--","0.0","30","'-3","88","50:40","84.2","Air","21:12:51","No","Salt","00:51:40","1","87.8","00:00:00","00:51:40","--","--"
Single-Gas Dive,2026-05-15 11:07:30,false,"Single-Gas Dive","0.01","83","00:54:05","75","105","--","0.0","1.4","--","0.0","--","'-2","70","53:04","84.2","Air","1:01:13","No","Salt","00:54:05","1","86.0","00:00:00","00:54:05","--","--"
Single-Gas Dive,2026-05-15 09:09:32,false,"Single-Gas Dive","0.02","99","00:57:45","77","100","--","0.0","5.2","--","0.0","36","'-2","82","56:44","84.2","Air","21:04:45","No","Salt","00:57:45","1","89.6","00:00:00","00:57:45","--","--"
Single-Gas Dive,2026-05-14 11:13:46,false,"Single-Gas Dive","0.01","79","00:50:59","73","102","--","0.0","3.6","--","0.0","10","'-2","82","50:59","84.2","Air","58:01","No","Salt","00:52:00","1","86.0","00:00:00","00:52:00","--","--"
Single-Gas Dive,2026-05-14 09:26:01,false,"Single-Gas Dive","0.01","95","00:49:45","80","106","--","0.0","1.2","--","0.0","10","'-2","86","49:45","84.2","Air","20:30:27","No","Salt","00:50:45","1","89.6","00:00:00","00:50:45","'-791","'-791"
Single-Gas Dive,2026-05-13 12:09:18,false,"Single-Gas Dive","0.00","82","00:46:14","77","130","--","--","--","--","0.0","--","'-3","75","46:14","84.2","Air","1:14:52","No","Salt","00:47:15","1","86.0","00:00:00","00:47:15","'-1,640","'-1,640"
Single-Gas Dive,2026-05-13 10:06:06,false,"Single-Gas Dive","0.00","88","00:49:20","78","116","--","--","--","--","0.0","--","'-1","72","48:20","84.2","Air","54:25","No","Salt","00:49:20","1","86.0","00:00:00","00:49:20","'-1,640","'-1,640"
Single-Gas Dive,2026-05-13 08:21:01,false,"Single-Gas Dive","0.00","79","00:50:40","73","134","--","--","--","--","0.0","--","'-1","93","50:40","84.2","Air","20:11:48","No","Salt","00:51:40","1","91.4","00:00:00","00:51:40","'-1,586","'-1,586"
Single-Gas Dive,2026-05-12 11:18:13,false,"Single-Gas Dive","0.00","107","00:52:00","82","132","--","--","--","--","0.0","36","'-2","74","50:59","84.2","Air","1:13:38","No","Salt","00:52:00","1","87.8","00:00:00","00:52:00","--","--"
Single-Gas Dive,2026-05-12 09:16:10,false,"Single-Gas Dive","0.01","157","00:48:24","98","143","--","0.0","2.1","--","0.0","6","'-4","93","48:24","84.2","Air","44:26:21","No","Salt","00:49:25","1","89.6","00:00:00","00:49:25","--","--"
Single-Gas Dive,2026-05-10 14:47:13,false,"Single-Gas Dive","0.00","20","00:03:34.8","117","128","--","--","--","--","0.0","--","--","50","2:34","82.4","EANx","1:02:13","No","Salt","00:03:34.8","1","86.0","00:00:00","00:03:34.8","'-1,640","'-1,640"
Single-Gas Dive,2026-05-10 13:42:10,false,"Single-Gas Dive","0.00","13","00:03:49.9","95","126","--","--","--","--","0.0","12","--","51","2:50","84.2","EANx","21:13:47","No","Salt","00:03:49.9","1","95.0","00:00:00","00:03:49.9","--","--"
Single-Gas Dive,2026-05-09 15:57:30,false,"Single-Gas Dive","0.00","82","00:31:53","88","143","--","--","--","--","0.0","40","'-1","29","30:52","82.4","EANx","58:25","No","Salt","00:31:53","1","82.4","00:00:00","00:31:53","'-1,640","'-1,640"
Single-Gas Dive,2026-05-09 14:39:34,false,"Single-Gas Dive","0.00","66","00:20:30","95","128","--","--","--","--","0.0","6","'-1","29","19:29","82.4","EANx","2:54:45","No","Salt","00:20:30","1","84.2","00:00:00","00:20:30","'-1,640","'-1,640"
Single-Gas Dive,2026-05-09 11:42:24,false,"Single-Gas Dive","0.00","12","00:03:24.8","97","111","--","--","--","--","0.0","--","--","7","2:24","91.4","Air","2:33","No","Salt","00:03:24.8","1","91.4","00:00:00","00:03:24.8","'-1,640","'-1,640"
Single-Gas Dive,2026-05-09 11:38:46,false,"Single-Gas Dive","0.00","8","00:02:04.6","100","116","--","--","--","--","0.0","6","--","8","1:04","91.4","Air","13:50","No","Salt","00:02:04.6","1","91.4","00:00:00","00:02:04.6","'-1,640","'-1,640"
Single-Gas Dive,2026-05-09 11:24:09,false,"Single-Gas Dive","0.00","6","00:01:46.7","98","108","--","--","--","--","0.0","--","--","4","0:46","91.4","Air","22:16:50","No","Salt","00:01:46.7","1","91.4","00:00:00","00:01:46.7","'-1,640","'-1,640"
Single-Gas Dive,2026-05-08 13:04:28,false,"Single-Gas Dive","0.00","21","00:03:51.0","116","137","--","--","--","--","0.0","58","'-1","49","2:50","82.4","EANx","1:05:28","No","Salt","00:03:51.0","1","91.4","00:00:00","00:03:51.0","--","--"
Single-Gas Dive,2026-05-08 11:55:42,false,"Single-Gas Dive","0.00","30","00:04:19.7","132","184","--","0.0","3.0","--","0.0","14","'-1","52","3:19","84.2","EANx","21:20:13","No","Salt","00:04:19.7","1","95.0","00:00:00","00:04:19.7","--","--"
Single-Gas Dive,2026-05-07 13:46:44,false,"Single-Gas Dive","0.00","132","00:49:45","90","133","--","0.0","2.0","--","0.0","26","'-2","31","48:44","80.6","EANx","40:32","No","Salt","00:49:45","1","82.4","00:00:00","00:49:45","'-1,640","'-1,640"
Single-Gas Dive,2026-05-07 12:17:17,false,"Single-Gas Dive","0.01","98","00:49:55","80","111","--","0.0","1.8","--","0.0","46","'-1","32","48:54","80.6","EANx","19:51:16","No","Salt","00:49:55","1","82.4","00:00:00","00:49:55","'-1,640","'-1,640"
Single-Gas Dive,2026-05-06 15:49:11,false,"Single-Gas Dive","0.00","83","00:37:50","84","115","--","--","--","--","0.0","42","'-1","25","36:50","80.6","EANx","36:40","No","Salt","00:37:50","1","84.2","00:00:00","00:37:50","'-1,640","'-1,640"
Single-Gas Dive,2026-05-06 14:30:51,false,"Single-Gas Dive","0.01","117","00:42:40","91","128","--","0.0","2.6","--","0.0","54","'-2","44","41:39","78.8","EANx","22:14:03","No","Salt","00:42:40","1","82.4","00:00:00","00:42:40","'-462","'-462"
Single-Gas Dive,2026-05-05 15:39:28,false,"Single-Gas Dive","0.00","82","00:38:20","83","111","--","--","--","--","0.0","90","'-1","30","37:19","78.8","EANx","39:03","No","Salt","00:38:20","1","82.4","00:00:00","00:38:20","'-1,640","'-1,640"
Single-Gas Dive,2026-05-05 14:13:21,false,"Single-Gas Dive","0.00","99","00:48:03","82","114","--","--","--","--","0.0","14","'-2","44","47:02","78.8","EANx","47:53:27","No","Salt","00:48:03","1","82.4","00:00:00","00:48:03","'-1,640","'-1,640"
Single-Gas Dive,2026-05-03 13:42:20,false,"Single-Gas Dive","0.01","100","00:38:35","88","137","--","0.0","1.7","--","0.0","68","'-1","61","37:34","77.0","EANx","24:55:06","No","Salt","00:38:35","1","86.0","00:00:00","00:38:35","--","--"
Single-Gas Dive,2026-05-02 12:06:05,false,"Single-Gas Dive","0.00","77","00:42:09","79","118","--","--","--","--","0.0","30","'-1","21","41:08","80.6","EANx","36:48","No","Salt","00:42:09","1","82.4","00:00:00","00:42:09","'-1,640","'-1,640"
Single-Gas Dive,2026-05-02 10:47:23,false,"Single-Gas Dive","0.00","97","00:42:26","85","119","--","--","--","--","0.0","--","'-1","32","41:53","78.8","EANx","138:30:32","No","Salt","00:42:26","1","82.4","00:00:00","00:42:26","'-906","'-906"
Single-Gas Dive,2026-04-26 15:45:31,false,"Single-Gas Dive","0.00","85","00:32:20","89","139","--","--","--","--","0.0","22","'-1","44","31:20","78.8","EANx","54:43","No","Salt","00:32:20","1","80.6","00:00:00","00:32:20","'-1,640","'-1,640"
Single-Gas Dive,2026-04-26 14:23:04,false,"Single-Gas Dive","0.00","105","00:28:43","102","134","0.3","--","--","--","0.0","34","'-1","61","27:42","78.8","EANx","46:13:44","No","Salt","00:28:43","1","82.4","00:00:00","00:28:43","'-1,640","'-1,640"
Single-Gas Dive,2026-04-24 15:45:31,false,"Single-Gas Dive","0.00","92","00:24:24","102","143","--","--","--","--","0.0","8","'-2","43","23:49","78.8","EANx","46:21","No","Salt","00:24:24","1","80.6","00:00:00","00:24:24","'-1,640","'-1,640"
Single-Gas Dive,2026-04-24 14:31:50,false,"Single-Gas Dive","0.00","82","00:28:19","92","119","--","--","--","--","0.0","34","'-1","22","27:19","78.8","EANx","1:48:08","No","Salt","00:28:19","1","78.8","00:00:00","00:28:19","'-1,640","'-1,640"
Single-Gas Dive,2026-04-24 12:43:27,false,"Single-Gas Dive","0.00","6","00:01:14.6","109","113","--","--","--","--","0.0","--","--","6","0:14","89.6","Air","8:36","No","Salt","00:01:14.6","1","91.4","00:00:00","00:01:14.6","'-1,640","'-1,640"
Single-Gas Dive,2026-04-24 12:31:27,false,"Single-Gas Dive","0.01","18","00:04:23.6","102","118","--","0.1","6.4","--","0.0","--","--","7","3:23","91.4","Air","5:05","No","Salt","00:04:23.6","1","91.4","00:00:00","00:04:23.6","'-1,640","'-1,640"
Single-Gas Dive,2026-04-24 12:24:17,false,"Key Biscayne Single-Gas Dive","0.00","13","00:03:04.7","103","114","0.1","0.1","1.2","--","0.0","--","--","7","2:04","91.4","Air","644:04:07","No","Salt","00:03:04.7","1","91.4","00:00:00","00:03:04.7","'-1,640","'-1,640"
Single-Gas Dive,2026-03-28 15:42:45,false,"Single-Gas Dive","0.00","95","00:37:24","87","114","--","--","--","--","0.0","--","'-2","45","37:24","77.0","EANx","35:45","No","Salt","00:38:25","1","80.6","00:00:00","00:38:25","'-627","'-627"
Single-Gas Dive,2026-03-28 14:33:10,false,"Single-Gas Dive","0.00","99","00:33:49","92","118","--","--","--","--","0.0","8","'-1","30","33:49","77.0","EANx","26:12:59","No","Salt","00:34:50","1","82.4","00:00:00","00:34:50","'-924","'-924"
Single-Gas Dive,2026-03-27 11:39:40,false,"Single-Gas Dive","0.01","99","00:40:30","86","115","--","0.0","1.5","--","0.0","14","'-1","22","40:30","77.0","EANx","19:19","No","Salt","00:41:31","1","82.4","00:00:00","00:41:31","'-1,312","'-1,312"
Single-Gas Dive,2026-03-27 10:47:45,false,"Single-Gas Dive","0.01","102","00:32:34","94","115","0.2","0.0","3.5","--","0.0","10","'-1","61","32:34","77.0","EANx","--","No","Salt","00:33:35","1","78.8","00:00:00","00:33:35","--","--"
Single-Gas Dive,2025-10-18 14:47:12,false,"Single-Gas Dive","0.00","40","00:41:07","51","79","--","--","--","--","0.0","32","--","23","40:05","82.4","Air","24:11","No","Salt","00:41:07","1","82.4","00:00:00","00:41:07","'-670","'-670"
Single-Gas Dive,2025-10-18 13:33:41,false,"Single-Gas Dive","0.00","54","00:50:21","56","93","--","--","--","--","0.0","44","--","44","49:20","82.4","Air","1104:09:06","No","Salt","00:50:21","1","84.2","00:00:00","00:50:21","'-524","'-524"
Single-Gas Dive,2025-06-30 10:52:25,false,"Single-Gas Dive","0.00","145","00:24:45","113","127","--","--","--","--","0.0","40","--","38","23:44","84.2","EANx","12:25","No","Salt","00:24:45","1","86.0","00:00:00","00:24:45","'-451","'-451"
Single-Gas Dive,2025-06-30 10:38:25,false,"Single-Gas Dive","0.00","20","00:02:35.5","121","134","--","--","--","--","0.0","--","--","52","1:34","84.2","EANx","15:56","No","Salt","00:02:35.5","1","86.0","00:00:00","00:02:35.5","'-236","'-236"
Single-Gas Dive,2025-06-30 09:39:24,false,"Single-Gas Dive","0.00","222","00:44:05","109","125","--","--","--","--","0.0","8","--","72","43:05","84.2","EANx","285:56:03","No","Salt","00:44:05","1","89.6","00:00:00","00:44:05","'-1,640","'-1,640"
Single-Gas Dive,2025-06-18 11:22:41,false,"Single-Gas Dive","0.00","55","00:21:40","81","100","--","--","--","--","0.0","360","--","8","20:40","89.6","Air","7:55","No","Salt","00:21:40","1","89.6","00:00:00","00:21:40","'-1,640","'-1,640"
Single-Gas Dive,2025-06-18 11:10:14,false,"Single-Gas Dive","0.00","16","00:05:30.9","83","95","--","--","--","--","0.0","82","--","8","4:31","89.6","Air","2:53","No","Salt","00:05:30.9","1","89.6","00:00:00","00:05:30.9","'-1,183","'-1,183"
Single-Gas Dive,2025-06-18 11:06:22,false,"Single-Gas Dive","0.00","6","00:02:00.1","85","90","--","--","--","--","0.0","10","--","7","1:00","89.6","Air","1:24","No","Salt","00:02:00.1","1","89.6","00:00:00","00:02:00.1","'-1,183","'-1,183"
Single-Gas Dive,2025-06-18 10:52:35,false,"Single-Gas Dive","0.00","34","00:13:23","80","94","--","--","--","--","0.0","90","--","8","12:23","89.6","Air","17:26","No","Salt","00:13:23","1","89.6","00:00:00","00:13:23","'-1,183","'-1,183"
Single-Gas Dive,2025-06-18 10:34:08,false,"Single-Gas Dive","0.00","4","00:02:00.1","77","83","--","--","--","--","0.0","--","--","7","0:59","89.6","Air","7:16","No","Salt","00:02:00.1","1","89.6","00:00:00","00:02:00.1","'-1,364","'-1,364"
Single-Gas Dive,2025-06-18 10:08:35,false,"Key Biscayne Single-Gas Dive","0.00","50","00:19:18","81","95","--","--","--","--","0.0","264","--","7","18:16","89.6","Air","70:01:07","No","Salt","00:19:18","1","89.6","00:00:00","00:19:18","'-1,640","'-1,640"
Single-Gas Dive,2025-06-15 12:05:44,false,"Single-Gas Dive","0.00","12","00:02:44.8","96","102","--","--","--","--","0.0","88","--","52","1:44","84.2","EANx","10:23","No","Salt","00:02:44.8","1","87.8","00:00:00","00:02:44.8","'-1,640","'-1,640"
Single-Gas Dive,2025-06-15 11:50:31,false,"Single-Gas Dive","0.00","26","00:05:49.7","97","112","--","--","--","--","0.0","84","--","71","4:49","82.4","EANx","1:06:05","No","Salt","00:05:49.7","1","86.0","00:00:00","00:05:49.7","'-1,640","'-1,640"
Single-Gas Dive,2025-06-15 10:39:46,false,"Single-Gas Dive","0.00","25","00:05:39.9","97","106","--","--","--","--","0.0","80","--","73","4:39","80.6","EANx","22:42:23","No","Salt","00:05:39.9","1","91.4","00:00:00","00:05:39.9","'-96","'-96"
Single-Gas Dive,2025-06-14 11:21:18,false,"Single-Gas Dive","0.00","188","00:38:55","107","126","--","--","--","--","0.0","686","--","71","36:04","80.6","EANx","47:31","No","Salt","00:38:55","1","84.2","00:00:00","00:38:55","'-127","'-127"
Single-Gas Dive,2025-06-14 10:05:07,false,"Single-Gas Dive","0.00","150","00:33:43","102","115","--","--","--","--","0.0","416","--","108","28:39","77.0","EANx","142:26:24","No","Salt","00:33:43","1","84.2","00:00:00","00:33:43","'-135","'-135"
Single-Gas Dive,2025-02-21 10:29:27,false,"Single-Gas Dive","0.00","59","00:07:57.5","118","127","--","--","--","--","0.0","142","--","57","2:54","73.4","EANx","24:20","No","Salt","00:07:57.5","1","77.0","00:00:00","00:07:57.5","'-172","'-172"
Single-Gas Dive,2025-02-21 09:50:41,false,"Single-Gas Dive","0.00","121","00:19:29","112","126","--","--","--","--","0.0","92","--","66","14:26","73.4","EANx","11:35","No","Salt","00:19:29","1","77.0","00:00:00","00:19:29","'-178","'-178"
Single-Gas Dive,2025-02-21 09:37:01,false,"Single-Gas Dive","0.00","45","00:07:07.7","111","123","--","--","--","--","0.0","36","--","57","2:04","77.0","EANx","45:58:26","No","Salt","00:07:07.7","1","78.8","00:00:00","00:07:07.7","'-27","'-27"
Single-Gas Dive,2025-02-19 11:04:05,false,"Single-Gas Dive","0.00","107","00:39:33","81","100","--","--","--","--","0.0","58","--","35","34:30","77.0","EANx","35:43","No","Salt","00:39:33","1","78.8","00:00:00","00:39:33","'-1,640","'-1,640"
Single-Gas Dive,2025-02-19 09:45:01,false,"Single-Gas Dive","0.00","176","00:48:23","91","112","--","--","--","--","0.0","106","--","75","43:19","75.2","EANx","21:58:53","No","Salt","00:48:23","1","80.6","00:00:00","00:48:23","'-635","'-635"
Single-Gas Dive,2025-02-18 11:10:33,false,"Single-Gas Dive","0.00","179","00:40:38","98","126","--","--","--","--","0.0","50","--","32","35:35","75.2","EANx","50:33","No","Salt","00:40:38","1","77.0","00:00:00","00:40:38","'-91","'-91"
Single-Gas Dive,2025-02-18 09:56:01,false,"Single-Gas Dive","0.00","166","00:29:02","110","123","--","--","--","--","0.0","84","--","73","23:58","75.2","EANx","23:14:39","No","Salt","00:29:02","1","84.2","00:00:00","00:29:02","'-3","'-3"
Single-Gas Dive,2025-02-17 10:35:58,false,"Single-Gas Dive","0.00","38","00:10:27","88","98","--","--","--","--","0.0","102","--","27","5:24","75.2","EANx","30:14","No","Salt","00:10:27","1","75.2","00:00:00","00:10:27","'-177","'-177"
Single-Gas Dive,2025-02-17 09:15:56,false,"Single-Gas Dive","0.00","33","00:06:42.5","99","112","--","--","--","--","0.0","22","--","52","1:39","75.2","EANx","23:33:23","No","Salt","00:06:42.5","1","78.8","00:00:00","00:06:42.5","1","1"
Single-Gas Dive,2025-02-16 09:40:08,false,"Single-Gas Dive","0.00","24","00:07:27.2","84","100","--","--","--","--","0.0","22","--","4","2:24","87.8","EANx","6:22","No","Salt","00:07:27.2","1","87.8","00:00:00","00:07:27.2","'-1,640","'-1,640"
Single-Gas Dive,2025-02-16 09:32:02,false,"Single-Gas Dive","0.00","26","00:06:45.6","90","107","--","--","--","--","0.0","24","--","6","1:43","87.8","EANx","4:55","No","Salt","00:06:45.6","1","87.8","00:00:00","00:06:45.6","'-1,640","'-1,640"
Single-Gas Dive,2025-02-16 09:18:36,false,"Single-Gas Dive","0.00","36","00:08:57.4","92","103","--","--","--","--","0.0","18","--","5","8:30","87.8","EANx","16:19:23","No","Salt","00:08:57.4","1","87.8","00:00:00","00:08:57.4","'-1,640","'-1,640"
Single-Gas Dive,2025-02-15 16:16:23,false,"Single-Gas Dive","0.00","158","00:47:53","88","104","--","--","--","--","0.0","28","--","29","42:50","77.0","EANx","43:44","No","Salt","00:47:53","1","78.8","00:00:00","00:47:53","'-1,640","'-1,640"
Single-Gas Dive,2024-11-08 15:07:50,false,"Single-Gas Dive","0.00","7","00:02:01.6","98","112","--","--","--","--","0.0","8","--","5","0:58","82.4","Air","836:27:49","No","Salt","00:02:01.6","1","82.4","00:00:00","00:02:01.6","'-1,640","'-1,640"
Single-Gas Dive,2024-08-08 09:59:33,false,"Single-Gas Dive","0.00","140","00:34:51","112","134","--","--","--","--","0.0","20","--","80","33:50","80.6","Air","5:18","No","Salt","00:34:51","1","86.0","00:00:00","00:34:51","'-1,596","'-1,596"
Single-Gas Dive,2024-08-08 09:41:41,false,"Single-Gas Dive","0.00","77","00:13:37","123","149","--","--","--","--","0.0","320","--","57","12:35","84.2","Air","348:30:28","No","Salt","00:13:37","1","89.6","00:00:00","00:13:37","'-1,596","'-1,596"
Single-Gas Dive,2023-11-12 10:07:25,false,"Single-Gas Dive","0.00","103","00:47:12","86","104","--","--","--","--","0.0","154","--","69","46:10","82.4","Air","31:25","No","Salt","00:47:12","1","86.0","00:00:00","00:47:12","'-1,640","'-1,640"
Single-Gas Dive,2023-11-12 09:01:00,false,"Single-Gas Dive","0.00","47","00:36:01","70","90","--","--","--","--","0.0","130","--","82","35:00","82.4","Air","689:49:13","No","Salt","00:36:01","1","86.0","00:00:00","00:36:01","'-1,053","'-1,053"
