activity_type,date,favorite,title,distance,calories,time,avg_hr,max_hr,aerobic_te,avg_speed,max_speed,total_descent,training_stress_score_r,steps,body_battery_drain,max_depth,dive_time,min_water_temperature,gas_type,surface_interval,decompression,water_type,best_lap_time,number_of_laps,max_temp,moving_time,elapsed_time,min_elevation,max_elevation,max_depth_num
Single-Gas Dive,2026-09-13,FALSE,Single-Gas Dive,0,31,00:14:31,80,114,--,--,--,--,0,--,--,43,13:30:00,87.8,Air,2:06,No,Salt,00:14:31,1,89.6,00:00:00,00:14:31,"'-1,640","'-1,640",43
Single-Gas Dive,2026-09-13,FALSE,Single-Gas Dive,0,4,00:01:09,92,112,--,--,--,--,0,28,--,4,00:09:00,87.8,Air,27:13,No,Salt,00:01:09,1,89.6,00:00:00,00:01:09,"'-1,640","'-1,640",4
Single-Gas Dive,2026-09-13,FALSE,Single-Gas Dive,0,134,00:41:41,97,134,--,--,--,--,0,16,'-2,62,40:40:00,87.8,Air,45:29:31,No,Salt,00:41:41,1,91.4,00:00:00,00:41:41,'-991,'-991,62
Single-Gas Dive,2026-09-11,FALSE,Single-Gas Dive,0,103,00:32:10,96,130,--,--,--,--,0,26,'-1,42,31:09:00,87.8,Air,32:15,No,Salt,00:32:10,1,89.6,00:00:00,00:32:10,'-639,'-639,42
Single-Gas Dive,2026-09-11,FALSE,Single-Gas Dive,0,113,00:38:02,93,138,0.3,0.0,1.5,--,0,--,'-2,26,37:01:00,87.8,Air,119:22:38,No,Salt,00:38:02,1,89.6,00:00:00,00:38:02,"1,246","1,246",26
Single-Gas Dive,2026-09-06,FALSE,Single-Gas Dive,0.01,18,00:03:20,115,130,--,0.1,4.8,--,0,12,--,35,02:20:00,87.8,EANx,42:26,No,Salt,00:03:20,1,87.8,00:00:00,00:03:20,"'-1,640","'-1,640",35
Single-Gas Dive,2026-09-06,FALSE,Single-Gas Dive,0.01,35,00:04:48,131,155,--,0.1,1.6,"1,926",0,72,'-1,14,03:48:00,87.8,EANx,1:16,No,Salt,00:04:48,1,87.8,00:00:00,00:04:48,"'-1,640","'-1,640",14
Single-Gas Dive,2026-09-06,FALSE,Single-Gas Dive,0,29,00:03:34,140,170,--,--,--,--,0,62,--,35,02:34:00,87.8,EANx,8:23,No,Salt,00:03:34,1,87.8,00:00:00,00:03:34,--,--,35
Single-Gas Dive,2026-09-06,FALSE,Single-Gas Dive,0,18,00:03:54,107,128,--,--,--,--,0,--,--,35,02:54:00,87.8,EANx,9:40,No,Salt,00:03:54,1,89.6,00:00:00,00:03:54,"'-1,640","'-1,640",35
Single-Gas Dive,2026-09-06,FALSE,Single-Gas Dive,0,7,00:01:59,94,107,--,--,--,--,0,32,--,33,00:59:00,89.6,EANx,140:58:38,No,Salt,00:01:59,1,96.8,00:00:00,00:01:59,--,--,33
Single-Gas Dive,2026-08-31,FALSE,Single-Gas Dive,0.01,30,00:07:19,103,132,--,0.1,1.8,--,0,6,--,20,06:19:00,87.8,EANx,2:02,No,Salt,00:07:19,1,87.8,00:00:00,00:07:19,"'-1,640","'-1,640",20
Single-Gas Dive,2026-08-31,FALSE,Single-Gas Dive,0,125,00:37:47,98,128,--,--,--,--,0,70,'-2,28,36:46:00,87.8,EANx,49:42,No,Salt,00:37:47,1,89.6,00:00:00,00:37:47,"'-1,640","'-1,640",28
Single-Gas Dive,2026-08-31,FALSE,Single-Gas Dive,0,119,00:30:32,104,147,--,--,--,--,0,98,'-3,43,29:32:00,87.8,EANx,23:23:30,No,Salt,00:30:32,1,96.8,00:00:00,00:30:32,--,--,43
Single-Gas Dive,2026-08-30,FALSE,Single-Gas Dive,0.01,149,00:42:25,101,149,--,0.0,1.6,--,0,32,'-1,43,41:24:00,86,EANx,30:08,No,Salt,00:42:25,1,89.6,00:00:00,00:42:25,"'-1,640","'-1,640",43
Single-Gas Dive,2026-08-30,FALSE,Single-Gas Dive,0,101,00:37:20,89,132,--,--,--,--,0,20,'-1,61,36:19:00,86,EANx,213:10:02,No,Salt,00:37:20,1,89.6,00:00:00,00:37:20,"'-1,640","'-1,640",61
Single-Gas Dive,2026-08-21,FALSE,Single-Gas Dive,0,4,00:01:09,97,104,--,--,--,--,0,--,--,6,00:09:00,91.4,EANx,12:31,No,Salt,00:01:09,1,91.4,00:00:00,00:01:09,--,--,6
Single-Gas Dive,2026-08-21,FALSE,Single-Gas Dive,0,34,00:15:17,81,114,--,--,--,--,0,20,--,8,14:16:00,91.4,EANx,4:42,No,Salt,00:15:17,1,91.4,00:00:00,00:15:17,--,--,8
Single-Gas Dive,2026-08-21,FALSE,Single-Gas Dive,0,12,00:04:55,85,100,--,--,--,--,0,--,--,7,03:55:00,91.4,EANx,7:28,No,Salt,00:04:55,1,91.4,00:00:00,00:04:55,--,--,7
Single-Gas Dive,2026-08-21,FALSE,Single-Gas Dive,0,6,00:01:59,90,102,--,0.1,5.3,--,0,--,--,7,00:59:00,91.4,EANx,1:19,No,Salt,00:01:59,1,91.4,00:00:00,00:01:59,--,--,7
Single-Gas Dive,2026-08-21,FALSE,Single-Gas Dive,0,17,00:05:25,91,128,--,0.0,1.0,--,0,16,--,6,04:25:00,91.4,EANx,10:26,No,Salt,00:05:25,1,91.4,00:00:00,00:05:25,--,--,6
